,Unnamed: 0.3,Unnamed: 0,Unnamed: 0.1,Unnamed: 0.1.1,Unnamed: 0.1.1.1,Unnamed: 0.1.1.1.1,Unnamed: 0.1.1.1.1.1,Unnamed: 0.1.1.1.1.1.1,Unnamed: 0.1.1.1.1.1.1.1,Unnamed: 0.1.1.1.1.1.1.1.1,Unnamed: 0.1.1.1.1.1.1.1.1.1,Unnamed: 0.1.1.1.1.1.1.1.1.1.1,Unnamed: 0.1.1.1.1.1.1.1.1.1.1.1,Unnamed: 0.2,Unnamed: 0.1.1.1.1.1.1.1.1.1.1.1.1,Unnamed: 0.1.1.1.1.1.1.1.1.1.1.1.1.1,Unnamed: 0.1.1.1.1.1.1.1.1.1.1.1.1.1.1,Unnamed: 0.1.1.1.1.1.1.1.1.1.1.1.1.1.1.1,Unnamed: 0.1.1.1.1.1.1.1.1.1.1.1.1.1.1.1.1,Unnamed: 0.1.1.1.1.1.1.1.1.1.1.1.1.1.1.1.1.1,Unnamed: 0.1.1.1.1.1.1.1.1.1.1.1.1.1.1.1.1.1.1,Unnamed: 0.1.1.1.1.1.1.1.1.1.1.1.1.1.1.1.1.1.1.1,Unnamed: 0.1.1.1.1.1.1.1.1.1.1.1.1.1.1.1.1.1.1.1.1,Unnamed: 0.1.1.1.1.1.1.1.1.1.1.1.1.1.1.1.1.1.1.1.1.1,Unnamed: 0.1.1.1.1.1.1.1.1.1.1.1.1.1.1.1.1.1.1.1.1.1.1,Unnamed: 0.1.1.1.1.1.1.1.1.1.1.1.1.1.1.1.1.1.1.1.1.1.1.1,Unnamed: 0.1.1.1.1.1.1.1.1.1.1.1.1.1.1.1.1.1.1.1.1.1.1.1.1,Unnamed: 0.1.1.1.1.1.1.1.1.1.1.1.1.1.1.1.1.1.1.1.1.1.1.1.1.1,Unnamed: 0.1.1.1.1.1.1.1.1.1.1.1.1.1.1.1.1.1.1.1.1.1.1.1.1.1.1,id,filename,title,url,is_image
0,,,,,,,,,,,,,,,,,,,,,,,,,,,,,,13zm69n,memester/13zm69n.mp4,It doesn't work that way?,https://raw.githubusercontent.com/AryanSingh1995/collection/master/13zm69n.mp4,True
1,,,,,,,,,,,,,,,,,,,,,,,,,,,,,,13zw4jd,memester/13zw4jd.mp4,It's true,https://raw.githubusercontent.com/AryanSingh1995/collection/master/13zw4jd.mp4,True
2,,,,,,,,,,,,,,,,,,,,,,,,,,,,,,14020h4,memester/14020h4.mp4,Idk what to do.,https://raw.githubusercontent.com/AryanSingh1995/collection/master/14020h4.mp4,True
3,,,,,,,,,,,,,,,,,,,,,,,,,,,,,,14053um,memester/14053um.mp4,Ew social situations,https://raw.githubusercontent.com/AryanSingh1995/collection/master/14053um.mp4,True
4,,,,,,,,,,,,,,,,,,,,,,,,,,,,,,13zkxkh,memester/13zkxkh.mp4,It always feels like that,https://raw.githubusercontent.com/AryanSingh1995/collection/master/13zkxkh.mp4,True
5,,,,,,,,,,,,,,,,,,,,,,,,,,,,,,13zlzef,memester/13zlzef.mp4,Maybe. I want to find someone.,https://raw.githubusercontent.com/AryanSingh1995/collection/master/13zlzef.mp4,True
6,,,,,,,,,,,,,,,,,,,,,,,,,,,,,,1407xbr,memester/1407xbr.mp4,It's a good idea,https://raw.githubusercontent.com/AryanSingh1995/collection/master/1407xbr.mp4,True
7,,,,,,,,,,,,,,,,,,,,,,,,,,,,,,1401a6w,memester/1401a6w.mp4,Weâ€™ve been bamboozeled,https://raw.githubusercontent.com/AryanSingh1995/collection/master/1401a6w.mp4,True
8,,,,,,,,,,,,,,,,,,,,,,,,,,,,,,140bnon,memester/140bnon.mp4,This race do be intense as hell tho,https://raw.githubusercontent.com/AryanSingh1995/collection/master/140bnon.mp4,False
9,,,,,,,,,,,,,,,,,,,,,,,,,,,,,,13zjlde,memester/13zjlde.mp4,one last beer,https://raw.githubusercontent.com/AryanSingh1995/collection/master/13zjlde.mp4,False
