,Unnamed: 0,Unnamed: 0.1,Unnamed: 0.1.1,Unnamed: 0.1.1.1,Unnamed: 0.1.1.1.1,Unnamed: 0.1.1.1.1.1,Unnamed: 0.1.1.1.1.1.1,Unnamed: 0.1.1.1.1.1.1.1,Unnamed: 0.1.1.1.1.1.1.1.1,Unnamed: 0.1.1.1.1.1.1.1.1.1,Unnamed: 0.1.1.1.1.1.1.1.1.1.1,Unnamed: 0.1.1.1.1.1.1.1.1.1.1.1,Unnamed: 0.1.1.1.1.1.1.1.1.1.1.1.1,Unnamed: 0.1.1.1.1.1.1.1.1.1.1.1.1.1,Unnamed: 0.1.1.1.1.1.1.1.1.1.1.1.1.1.1,Unnamed: 0.1.1.1.1.1.1.1.1.1.1.1.1.1.1.1,Unnamed: 0.1.1.1.1.1.1.1.1.1.1.1.1.1.1.1.1,Unnamed: 0.1.1.1.1.1.1.1.1.1.1.1.1.1.1.1.1.1,Unnamed: 0.1.1.1.1.1.1.1.1.1.1.1.1.1.1.1.1.1.1,Unnamed: 0.1.1.1.1.1.1.1.1.1.1.1.1.1.1.1.1.1.1.1,Unnamed: 0.1.1.1.1.1.1.1.1.1.1.1.1.1.1.1.1.1.1.1.1,Unnamed: 0.1.1.1.1.1.1.1.1.1.1.1.1.1.1.1.1.1.1.1.1.1,Unnamed: 0.1.1.1.1.1.1.1.1.1.1.1.1.1.1.1.1.1.1.1.1.1.1,id,filename,title,url,is_image
1,2,3,4,5,6,7,8,9,10,11,12,13,15,16,17,18,19,20,21,22,23,23,,13q9e1e,nature_is_feral/13q9e1e.mp4,Man getting attacked by a fully grown Kazakhstan Eagle,https://raw.githubusercontent.com/AryanSingh1995/collection/master/13q9e1e.mp4,True
2,3,4,5,6,7,8,9,10,11,12,13,14,16,17,18,19,20,21,22,23,24,24,,13to5d7,nature_is_feral/13to5d7.mp4,Ants eating a baby bird that had fallen out of a nest,https://raw.githubusercontent.com/AryanSingh1995/collection/master/13to5d7.mp4,True
3,4,5,6,7,8,9,10,11,12,13,14,15,17,18,19,20,21,22,23,24,25,25,,13rpl48,nature_is_feral/13rpl48.mp4,Beaver power,https://raw.githubusercontent.com/AryanSingh1995/collection/master/13rpl48.mp4,True
4,5,6,7,8,9,10,11,12,13,14,15,16,18,19,20,21,22,23,24,25,26,26,,13pgt4k,nature_is_feral/13pgt4k.mp4,a subadult jaguar in the act of preying on a capybara. its inexperience is clearly showing,https://raw.githubusercontent.com/AryanSingh1995/collection/master/13pgt4k.mp4,True
5,6,7,8,9,10,11,12,13,14,15,16,17,19,20,21,22,23,24,25,26,27,27,,13qd6fy,nature_is_feral/13qd6fy.mp4,Just a huge sturgeon!,https://raw.githubusercontent.com/AryanSingh1995/collection/master/13qd6fy.mp4,True
6,7,8,9,10,11,12,13,14,15,16,17,18,20,21,22,23,24,25,26,27,28,28,,13qaoyb,nature_is_feral/13qaoyb.mp4,Life finds a way,https://raw.githubusercontent.com/AryanSingh1995/collection/master/13qaoyb.mp4,True
7,8,9,10,11,12,13,14,15,16,17,18,19,21,22,23,24,25,26,27,28,29,29,,13oo0sp,nature_is_feral/13oo0sp.mp4,Blue Heron eating an Alligator,https://raw.githubusercontent.com/AryanSingh1995/collection/master/13oo0sp.mp4,True
8,9,10,11,12,13,14,15,16,17,18,19,20,22,23,24,25,26,27,28,29,30,30,,13ov0t0,nature_is_feral/13ov0t0.mp4,Yet another metal ass turtle (re-post from /rinterestingasfuck),https://raw.githubusercontent.com/AryanSingh1995/collection/master/13ov0t0.mp4,True
9,10,11,12,13,14,15,16,17,18,19,20,21,23,24,25,26,27,28,29,30,31,31,,13stbqa,nature_is_feral/13stbqa.mp4,Eel trying to escape from inside a heron’s stomach while the bird was still in flight.,https://raw.githubusercontent.com/AryanSingh1995/collection/master/13stbqa.mp4,True
10,11,12,13,14,15,16,17,18,19,20,21,22,24,25,26,27,28,29,30,31,32,32,,13rdbr9,nature_is_feral/13rdbr9.mp4,Hyena With Lion Head,https://raw.githubusercontent.com/AryanSingh1995/collection/master/13rdbr9.mp4,True
11,12,13,14,15,16,17,18,19,20,21,22,23,25,26,27,28,29,30,31,32,33,33,,13ptvmn,nature_is_feral/13ptvmn.mp4,Turtle flicking off the camera – would make an awesome album cover.,https://raw.githubusercontent.com/AryanSingh1995/collection/master/13ptvmn.mp4,True
12,13,14,15,16,17,18,19,20,21,22,23,24,26,27,28,29,30,31,32,33,34,34,,13r87a7,nature_is_feral/13r87a7.mp4,Spider eating bird,https://raw.githubusercontent.com/AryanSingh1995/collection/master/13r87a7.mp4,True
13,14,15,16,17,18,19,20,21,22,23,24,25,27,28,29,30,31,32,33,34,35,35,,13qahhf,nature_is_feral/13qahhf.mp4,"The Giant Isopod, found in the deep seas and is an example of deep-sea gigantism.",https://raw.githubusercontent.com/AryanSingh1995/collection/master/13qahhf.mp4,True
14,15,16,17,18,19,20,21,22,23,24,25,26,28,29,30,31,32,33,34,35,36,36,,13t4wns,nature_is_feral/13t4wns.mp4,Caracal caught a guineafowl,https://raw.githubusercontent.com/AryanSingh1995/collection/master/13t4wns.mp4,True
